,date,county,city,race,population,atleast_onedose,fully_vaccinated,boosted,boosted_second,partially_vaccinated
2466,2021-03-09,Suffolk,Chelsea,AI/AN,53.0,,,,,
2467,2021-03-09,Suffolk,Chelsea,Asian,810.0,207.0,109.0,,,98.0
2468,2021-03-09,Suffolk,Chelsea,Black,3336.0,399.0,237.0,,,162.0
2469,2021-03-09,Suffolk,Chelsea,Hispanic,25092.0,1791.0,810.0,,,981.0
2470,2021-03-09,Suffolk,Chelsea,Multi,420.0,81.0,50.0,,,31.0
2471,2021-03-09,Suffolk,Chelsea,NH/PI,16.0,,,,,
2472,2021-03-09,Suffolk,Chelsea,White,7307.0,2443.0,1494.0,,,949.0
2473,2021-03-09,Suffolk,Chelsea,Other/Unknown,,1265.0,679.0,,,586.0
2474,2021-03-09,Suffolk,Chelsea,Total,36918.0,,,,,
5490,2021-03-16,Suffolk,Chelsea,AI/AN,53.0,,,,,
5491,2021-03-16,Suffolk,Chelsea,Asian,810.0,246.0,135.0,,,111.0
5492,2021-03-16,Suffolk,Chelsea,Black,3336.0,460.0,277.0,,,183.0
5493,2021-03-16,Suffolk,Chelsea,Hispanic,25092.0,2201.0,1082.0,,,1119.0
5494,2021-03-16,Suffolk,Chelsea,Multi,420.0,91.0,60.0,,,31.0
5495,2021-03-16,Suffolk,Chelsea,NH/PI,16.0,,,,,
5496,2021-03-16,Suffolk,Chelsea,White,7307.0,2736.0,1730.0,,,1006.0
5497,2021-03-16,Suffolk,Chelsea,Other/Unknown,,1340.0,742.0,,,598.0
5498,2021-03-16,Suffolk,Chelsea,Total,36918.0,,,,,
8523,2021-03-23,Suffolk,Chelsea,AI/AN,53.0,,,,,
8524,2021-03-23,Suffolk,Chelsea,Asian,810.0,307.0,161.0,,,146.0
8525,2021-03-23,Suffolk,Chelsea,Black,3336.0,534.0,330.0,,,204.0
8526,2021-03-23,Suffolk,Chelsea,Hispanic,25092.0,2653.0,1415.0,,,1238.0
8527,2021-03-23,Suffolk,Chelsea,Multi,420.0,100.0,65.0,,,35.0
8528,2021-03-23,Suffolk,Chelsea,NH/PI,16.0,,,,,
8529,2021-03-23,Suffolk,Chelsea,White,7307.0,3094.0,2043.0,,,1051.0
8530,2021-03-23,Suffolk,Chelsea,Other/Unknown,,1437.0,814.0,,,623.0
8531,2021-03-23,Suffolk,Chelsea,Total,36918.0,,,,,
11556,2021-03-30,Suffolk,Chelsea,AI/AN,53.0,,,,,
11557,2021-03-30,Suffolk,Chelsea,Asian,810.0,374.0,201.0,,,173.0
11558,2021-03-30,Suffolk,Chelsea,Black,3336.0,608.0,372.0,,,236.0
11559,2021-03-30,Suffolk,Chelsea,Hispanic,25092.0,3357.0,1849.0,,,1508.0
11560,2021-03-30,Suffolk,Chelsea,Multi,420.0,118.0,77.0,,,41.0
11561,2021-03-30,Suffolk,Chelsea,NH/PI,16.0,,,,,
11562,2021-03-30,Suffolk,Chelsea,White,7307.0,3409.0,2309.0,,,1100.0
11563,2021-03-30,Suffolk,Chelsea,Other/Unknown,,1568.0,906.0,,,662.0
11564,2021-03-30,Suffolk,Chelsea,Total,36918.0,,,,,
14589,2021-04-06,Suffolk,Chelsea,AI/AN,53.0,,,,,
14590,2021-04-06,Suffolk,Chelsea,Asian,810.0,457.0,227.0,,,230.0
14591,2021-04-06,Suffolk,Chelsea,Black,3336.0,702.0,419.0,,,283.0
14592,2021-04-06,Suffolk,Chelsea,Hispanic,25092.0,4354.0,2126.0,,,2228.0
14593,2021-04-06,Suffolk,Chelsea,Multi,420.0,145.0,87.0,,,58.0
14594,2021-04-06,Suffolk,Chelsea,NH/PI,16.0,,,,,
14595,2021-04-06,Suffolk,Chelsea,White,7307.0,3834.0,2533.0,,,1301.0
14596,2021-04-06,Suffolk,Chelsea,Other/Unknown,,1777.0,989.0,,,788.0
14597,2021-04-06,Suffolk,Chelsea,Total,36918.0,,,,,
17622,2021-04-13,Suffolk,Chelsea,AI/AN,53.0,,,,,
17623,2021-04-13,Suffolk,Chelsea,Asian,810.0,558.0,296.0,,,262.0
17624,2021-04-13,Suffolk,Chelsea,Black,3336.0,810.0,501.0,,,309.0
17625,2021-04-13,Suffolk,Chelsea,Hispanic,25092.0,6238.0,2917.0,,,3321.0
17626,2021-04-13,Suffolk,Chelsea,Multi,420.0,166.0,99.0,,,67.0
17627,2021-04-13,Suffolk,Chelsea,NH/PI,16.0,,,,,
17628,2021-04-13,Suffolk,Chelsea,White,7307.0,4303.0,2960.0,,,1343.0
17629,2021-04-13,Suffolk,Chelsea,Other/Unknown,,2073.0,1201.0,,,872.0
17630,2021-04-13,Suffolk,Chelsea,Total,36918.0,,,,,
20655,2021-04-20,Suffolk,Chelsea,AI/AN,53.0,,,,,
20656,2021-04-20,Suffolk,Chelsea,Asian,810.0,647.0,347.0,,,300.0
20657,2021-04-20,Suffolk,Chelsea,Black,3336.0,908.0,558.0,,,350.0
20658,2021-04-20,Suffolk,Chelsea,Hispanic,25092.0,7965.0,3399.0,,,4566.0
20659,2021-04-20,Suffolk,Chelsea,Multi,420.0,190.0,117.0,,,73.0
20660,2021-04-20,Suffolk,Chelsea,NH/PI,16.0,,,,,
20661,2021-04-20,Suffolk,Chelsea,White,7307.0,4696.0,3245.0,,,1451.0
20662,2021-04-20,Suffolk,Chelsea,Other/Unknown,,2469.0,1422.0,,,1047.0
20663,2021-04-20,Suffolk,Chelsea,Total,36918.0,,,,,
23688,2021-04-27,Suffolk,Chelsea,AI/AN,53.0,,,,,
23689,2021-04-27,Suffolk,Chelsea,Asian,810.0,741.0,425.0,,,316.0
23690,2021-04-27,Suffolk,Chelsea,Black,3336.0,1003.0,636.0,,,367.0
23691,2021-04-27,Suffolk,Chelsea,Hispanic,25092.0,9003.0,4296.0,,,4707.0
23692,2021-04-27,Suffolk,Chelsea,Multi,420.0,203.0,140.0,,,63.0
23693,2021-04-27,Suffolk,Chelsea,NH/PI,16.0,,,,,
23694,2021-04-27,Suffolk,Chelsea,White,7307.0,4937.0,3600.0,,,1337.0
23695,2021-04-27,Suffolk,Chelsea,Other/Unknown,,2651.0,1569.0,,,1082.0
23696,2021-04-27,Suffolk,Chelsea,Total,36918.0,,,,,
26721,2021-05-04,Suffolk,Chelsea,AI/AN,53.0,,,,,
26722,2021-05-04,Suffolk,Chelsea,Asian,810.0,803.0,520.0,,,283.0
26723,2021-05-04,Suffolk,Chelsea,Black,3336.0,1072.0,721.0,,,351.0
26724,2021-05-04,Suffolk,Chelsea,Hispanic,25092.0,9642.0,5836.0,,,3806.0
26725,2021-05-04,Suffolk,Chelsea,Multi,420.0,224.0,160.0,,,64.0
26726,2021-05-04,Suffolk,Chelsea,NH/PI,16.0,,,,,
26727,2021-05-04,Suffolk,Chelsea,White,7307.0,5126.0,3988.0,,,1138.0
26728,2021-05-04,Suffolk,Chelsea,Other/Unknown,,2768.0,1733.0,,,1035.0
26729,2021-05-04,Suffolk,Chelsea,Total,36918.0,,,,,
29754,2021-05-11,Suffolk,Chelsea,AI/AN,53.0,,,,,
29755,2021-05-11,Suffolk,Chelsea,Asian,810.0,847.0,607.0,,,240.0
29756,2021-05-11,Suffolk,Chelsea,Black,3336.0,1145.0,822.0,,,323.0
29757,2021-05-11,Suffolk,Chelsea,Hispanic,25092.0,10429.0,7463.0,,,2966.0
29758,2021-05-11,Suffolk,Chelsea,Multi,420.0,237.0,183.0,,,54.0
29759,2021-05-11,Suffolk,Chelsea,NH/PI,16.0,,,,,
29760,2021-05-11,Suffolk,Chelsea,White,7307.0,5284.0,4372.0,,,912.0
29761,2021-05-11,Suffolk,Chelsea,Other/Unknown,,2899.0,1861.0,,,1038.0
29762,2021-05-11,Suffolk,Chelsea,Total,36918.0,,,,,
32787,2021-05-18,Suffolk,Chelsea,AI/AN,53.0,,,,,
32788,2021-05-18,Suffolk,Chelsea,Asian,810.0,884.0,670.0,,,214.0
32789,2021-05-18,Suffolk,Chelsea,Black,3336.0,1244.0,899.0,,,345.0
32790,2021-05-18,Suffolk,Chelsea,Hispanic,25092.0,11358.0,8510.0,,,2848.0
32791,2021-05-18,Suffolk,Chelsea,Multi,420.0,251.0,192.0,,,59.0
32792,2021-05-18,Suffolk,Chelsea,NH/PI,16.0,,,,,
32793,2021-05-18,Suffolk,Chelsea,White,7307.0,5539.0,4600.0,,,939.0
32794,2021-05-18,Suffolk,Chelsea,Other/Unknown,,3303.0,1973.0,,,1330.0
32795,2021-05-18,Suffolk,Chelsea,Total,36918.0,,,,,
35811,2021-05-25,Suffolk,Chelsea,AI/AN,53.0,,,,,
35812,2021-05-25,Suffolk,Chelsea,Asian,810.0,917.0,727.0,,,190.0
35813,2021-05-25,Suffolk,Chelsea,Black,3336.0,1309.0,980.0,,,329.0
35814,2021-05-25,Suffolk,Chelsea,Hispanic,25092.0,12251.0,9116.0,,,3135.0
35815,2021-05-25,Suffolk,Chelsea,Multi,420.0,259.0,199.0,,,60.0
35816,2021-05-25,Suffolk,Chelsea,NH/PI,16.0,,,,,
35817,2021-05-25,Suffolk,Chelsea,White,7307.0,5679.0,4762.0,,,917.0
35818,2021-05-25,Suffolk,Chelsea,Other/Unknown,,3474.0,2082.0,,,1392.0
35819,2021-05-25,Suffolk,Chelsea,Total,36918.0,,,,,
38844,2021-06-01,Suffolk,Chelsea,AI/AN,53.0,,,,,
38845,2021-06-01,Suffolk,Chelsea,Asian,810.0,942.0,784.0,,,158.0
38846,2021-06-01,Suffolk,Chelsea,Black,3336.0,1342.0,1048.0,,,294.0
38847,2021-06-01,Suffolk,Chelsea,Hispanic,25092.0,12865.0,9821.0,,,3044.0
38848,2021-06-01,Suffolk,Chelsea,Multi,420.0,265.0,218.0,,,47.0
38849,2021-06-01,Suffolk,Chelsea,NH/PI,16.0,,,,,
38850,2021-06-01,Suffolk,Chelsea,White,7307.0,5790.0,4951.0,,,839.0
38851,2021-06-01,Suffolk,Chelsea,Other/Unknown,,3626.0,2219.0,,,1407.0
38852,2021-06-01,Suffolk,Chelsea,Total,36918.0,,,,,
41877,2021-06-08,Suffolk,Chelsea,AI/AN,53.0,,,,,
41878,2021-06-08,Suffolk,Chelsea,Asian,810.0,986.0,866.0,,,120.0
41879,2021-06-08,Suffolk,Chelsea,Black,3336.0,1386.0,1116.0,,,270.0
41880,2021-06-08,Suffolk,Chelsea,Hispanic,25092.0,13436.0,10706.0,,,2730.0
41881,2021-06-08,Suffolk,Chelsea,Multi,420.0,276.0,234.0,,,42.0
41882,2021-06-08,Suffolk,Chelsea,NH/PI,16.0,,,,,
41883,2021-06-08,Suffolk,Chelsea,White,7307.0,5901.0,5132.0,,,769.0
41884,2021-06-08,Suffolk,Chelsea,Other/Unknown,,3813.0,2412.0,,,1401.0
41885,2021-06-08,Suffolk,Chelsea,Total,36918.0,,,,,
44910,2021-06-15,Suffolk,Chelsea,AI/AN,53.0,,,,,
44911,2021-06-15,Suffolk,Chelsea,Asian,810.0,999.0,897.0,,,102.0
44912,2021-06-15,Suffolk,Chelsea,Black,3336.0,1427.0,1166.0,,,261.0
44913,2021-06-15,Suffolk,Chelsea,Hispanic,25092.0,13870.0,11585.0,,,2285.0
44914,2021-06-15,Suffolk,Chelsea,Multi,420.0,286.0,252.0,,,34.0
44915,2021-06-15,Suffolk,Chelsea,NH/PI,16.0,,,,,
44916,2021-06-15,Suffolk,Chelsea,White,7307.0,5976.0,5297.0,,,679.0
44917,2021-06-15,Suffolk,Chelsea,Other/Unknown,,3899.0,2592.0,,,1307.0
44918,2021-06-15,Suffolk,Chelsea,Total,36918.0,,,,,
47943,2021-06-22,Suffolk,Chelsea,AI/AN,53.0,,,,,
47944,2021-06-22,Suffolk,Chelsea,Asian,810.0,1007.0,909.0,,,98.0
47945,2021-06-22,Suffolk,Chelsea,Black,3336.0,1455.0,1187.0,,,268.0
47946,2021-06-22,Suffolk,Chelsea,Hispanic,25092.0,14116.0,12123.0,,,1993.0
47947,2021-06-22,Suffolk,Chelsea,Multi,420.0,293.0,263.0,,,30.0
47948,2021-06-22,Suffolk,Chelsea,NH/PI,16.0,,,,,
47949,2021-06-22,Suffolk,Chelsea,White,7307.0,6031.0,5387.0,,,644.0
47950,2021-06-22,Suffolk,Chelsea,Other/Unknown,,3979.0,2687.0,,,1292.0
47951,2021-06-22,Suffolk,Chelsea,Total,36918.0,,,,,
50976,2021-06-29,Suffolk,Chelsea,AI/AN,53.0,,,,,
50977,2021-06-29,Suffolk,Chelsea,Asian,810.0,1010.0,921.0,,,89.0
50978,2021-06-29,Suffolk,Chelsea,Black,3336.0,1485.0,1231.0,,,254.0
50979,2021-06-29,Suffolk,Chelsea,Hispanic,25092.0,14381.0,12531.0,,,1850.0
50980,2021-06-29,Suffolk,Chelsea,Multi,420.0,300.0,273.0,,,
50981,2021-06-29,Suffolk,Chelsea,NH/PI,16.0,,,,,
50982,2021-06-29,Suffolk,Chelsea,White,7307.0,6050.0,5466.0,,,584.0
50983,2021-06-29,Suffolk,Chelsea,Other/Unknown,,4013.0,2739.0,,,1274.0
50984,2021-06-29,Suffolk,Chelsea,Total,36918.0,,,,,
54009,2021-07-06,Suffolk,Chelsea,AI/AN,53.0,,,,,91.0
54010,2021-07-06,Suffolk,Chelsea,Asian,810.0,1019.0,928.0,,,241.0
54011,2021-07-06,Suffolk,Chelsea,Black,3336.0,1495.0,1254.0,,,1776.0
54012,2021-07-06,Suffolk,Chelsea,Hispanic,25092.0,14521.0,12745.0,,,30.0
54013,2021-07-06,Suffolk,Chelsea,Multi,420.0,307.0,277.0,,,
54014,2021-07-06,Suffolk,Chelsea,NH/PI,16.0,,,,,584.0
54015,2021-07-06,Suffolk,Chelsea,White,7307.0,6099.0,5515.0,,,1270.0
54016,2021-07-06,Suffolk,Chelsea,Other/Unknown,,4052.0,2782.0,,,
54017,2021-07-06,Suffolk,Chelsea,Total,36918.0,,,,,
57042,2021-07-13,Suffolk,Chelsea,AI/AN,53.0,,,,,
57043,2021-07-13,Suffolk,Chelsea,Asian,810.0,1031.0,942.0,,,89.0
57044,2021-07-13,Suffolk,Chelsea,Black,3336.0,1515.0,1283.0,,,232.0
57045,2021-07-13,Suffolk,Chelsea,Hispanic,25092.0,14675.0,12930.0,,,1745.0
57046,2021-07-13,Suffolk,Chelsea,Multi,420.0,312.0,286.0,,,
57047,2021-07-13,Suffolk,Chelsea,NH/PI,16.0,,,,,
57048,2021-07-13,Suffolk,Chelsea,White,7307.0,6164.0,5605.0,,,559.0
57049,2021-07-13,Suffolk,Chelsea,Other/Unknown,,4100.0,2820.0,,,1280.0
57050,2021-07-13,Suffolk,Chelsea,Total,36918.0,,,,,
60075,2021-07-20,Suffolk,Chelsea,AI/AN,53.0,,,,,
60076,2021-07-20,Suffolk,Chelsea,Asian,810.0,1037.0,951.0,,,86.0
60077,2021-07-20,Suffolk,Chelsea,Black,3336.0,1543.0,1304.0,,,239.0
60078,2021-07-20,Suffolk,Chelsea,Hispanic,25092.0,14897.0,13116.0,,,1781.0
60079,2021-07-20,Suffolk,Chelsea,Multi,420.0,318.0,288.0,,,30.0
60080,2021-07-20,Suffolk,Chelsea,NH/PI,16.0,,,,,
60081,2021-07-20,Suffolk,Chelsea,White,7307.0,6204.0,5642.0,,,562.0
60082,2021-07-20,Suffolk,Chelsea,Other/Unknown,,4127.0,2854.0,,,1273.0
60083,2021-07-20,Suffolk,Chelsea,Total,36918.0,,,,,
63108,2021-07-27,Suffolk,Chelsea,AI/AN,53.0,30.0,,,,
63109,2021-07-27,Suffolk,Chelsea,Asian,810.0,1048.0,957.0,,,91.0
63110,2021-07-27,Suffolk,Chelsea,Black,3336.0,1569.0,1323.0,,,246.0
63111,2021-07-27,Suffolk,Chelsea,Hispanic,25092.0,15164.0,13272.0,,,1892.0
63112,2021-07-27,Suffolk,Chelsea,Multi,420.0,321.0,294.0,,,
63113,2021-07-27,Suffolk,Chelsea,NH/PI,16.0,,,,,
63114,2021-07-27,Suffolk,Chelsea,White,7307.0,6238.0,5665.0,,,573.0
63115,2021-07-27,Suffolk,Chelsea,Other/Unknown,,4149.0,2873.0,,,1276.0
63116,2021-07-27,Suffolk,Chelsea,Total,36918.0,,,,,
66141,2021-08-03,Suffolk,Chelsea,AI/AN,53.0,31.0,,,,
66142,2021-08-03,Suffolk,Chelsea,Asian,810.0,1058.0,973.0,,,85.0
66143,2021-08-03,Suffolk,Chelsea,Black,3336.0,1593.0,1339.0,,,254.0
66144,2021-08-03,Suffolk,Chelsea,Hispanic,25092.0,15450.0,13437.0,,,2013.0
66145,2021-08-03,Suffolk,Chelsea,Multi,420.0,331.0,302.0,,,
66146,2021-08-03,Suffolk,Chelsea,NH/PI,16.0,,,,,
66147,2021-08-03,Suffolk,Chelsea,White,7307.0,6271.0,5696.0,,,575.0
66148,2021-08-03,Suffolk,Chelsea,Other/Unknown,,4175.0,2888.0,,,1287.0
66149,2021-08-03,Suffolk,Chelsea,Total,36918.0,,,,,
69174,2021-08-10,Suffolk,Chelsea,AI/AN,53.0,31.0,,,,
69175,2021-08-10,Suffolk,Chelsea,Asian,810.0,1066.0,977.0,,,89.0
69176,2021-08-10,Suffolk,Chelsea,Black,3336.0,1615.0,1356.0,,,259.0
69177,2021-08-10,Suffolk,Chelsea,Hispanic,25092.0,15799.0,13662.0,,,2137.0
69178,2021-08-10,Suffolk,Chelsea,Multi,420.0,336.0,310.0,,,
69179,2021-08-10,Suffolk,Chelsea,NH/PI,16.0,,,,,
69180,2021-08-10,Suffolk,Chelsea,White,7307.0,6320.0,5717.0,,,603.0
69181,2021-08-10,Suffolk,Chelsea,Other/Unknown,,4191.0,2893.0,,,1298.0
69182,2021-08-10,Suffolk,Chelsea,Total,36918.0,,,,,
72207,2021-08-17,Suffolk,Chelsea,AI/AN,53.0,31.0,,,,
72208,2021-08-17,Suffolk,Chelsea,Asian,810.0,1076.0,980.0,,,96.0
72209,2021-08-17,Suffolk,Chelsea,Black,3336.0,1641.0,1377.0,,,264.0
72210,2021-08-17,Suffolk,Chelsea,Hispanic,25092.0,16007.0,13883.0,,,2124.0
72211,2021-08-17,Suffolk,Chelsea,Multi,420.0,344.0,316.0,,,
72212,2021-08-17,Suffolk,Chelsea,NH/PI,16.0,,,,,
72213,2021-08-17,Suffolk,Chelsea,White,7307.0,6362.0,5751.0,,,611.0
72214,2021-08-17,Suffolk,Chelsea,Other/Unknown,,4218.0,2906.0,,,1312.0
72215,2021-08-17,Suffolk,Chelsea,Total,36918.0,,,,,
75240,2021-08-24,Suffolk,Chelsea,AI/AN,53.0,30.0,,,,
75241,2021-08-24,Suffolk,Chelsea,Asian,810.0,1080.0,982.0,,,98.0
75242,2021-08-24,Suffolk,Chelsea,Black,3336.0,1667.0,1394.0,,,273.0
75243,2021-08-24,Suffolk,Chelsea,Hispanic,25092.0,16169.0,14087.0,,,2082.0
75244,2021-08-24,Suffolk,Chelsea,Multi,420.0,348.0,320.0,,,
75245,2021-08-24,Suffolk,Chelsea,NH/PI,16.0,,,,,
75246,2021-08-24,Suffolk,Chelsea,White,7307.0,6395.0,5785.0,,,610.0
75247,2021-08-24,Suffolk,Chelsea,Other/Unknown,,4240.0,2926.0,,,1314.0
75248,2021-08-24,Suffolk,Chelsea,Total,36918.0,,,,,
78273,2021-08-31,Suffolk,Chelsea,AI/AN,53.0,,,,,
78274,2021-08-31,Suffolk,Chelsea,Asian,810.0,1093.0,999.0,,,94.0
78275,2021-08-31,Suffolk,Chelsea,Black,3336.0,1680.0,1417.0,,,263.0
78276,2021-08-31,Suffolk,Chelsea,Hispanic,25092.0,16339.0,14349.0,,,1990.0
78277,2021-08-31,Suffolk,Chelsea,Multi,420.0,358.0,328.0,,,30.0
78278,2021-08-31,Suffolk,Chelsea,NH/PI,16.0,,,,,
78279,2021-08-31,Suffolk,Chelsea,White,7307.0,6428.0,5816.0,,,612.0
78280,2021-08-31,Suffolk,Chelsea,Other/Unknown,,4267.0,2946.0,,,1321.0
78281,2021-08-31,Suffolk,Chelsea,Total,36918.0,,,,,
81306,2021-09-07,Suffolk,Chelsea,AI/AN,53.0,,,,,
81307,2021-09-07,Suffolk,Chelsea,Asian,810.0,1102.0,1007.0,,,95.0
81308,2021-09-07,Suffolk,Chelsea,Black,3336.0,1687.0,1438.0,,,249.0
81309,2021-09-07,Suffolk,Chelsea,Hispanic,25092.0,16456.0,14501.0,,,1955.0
81310,2021-09-07,Suffolk,Chelsea,Multi,420.0,361.0,333.0,,,
81311,2021-09-07,Suffolk,Chelsea,NH/PI,16.0,,,,,
81312,2021-09-07,Suffolk,Chelsea,White,7307.0,6448.0,5850.0,,,598.0
81313,2021-09-07,Suffolk,Chelsea,Other/Unknown,,4286.0,2966.0,,,1320.0
81314,2021-09-07,Suffolk,Chelsea,Total,36918.0,,,,,
84339,2021-09-14,Suffolk,Chelsea,AI/AN,53.0,,,,,
84340,2021-09-14,Suffolk,Chelsea,Asian,810.0,1109.0,1016.0,,,93.0
84341,2021-09-14,Suffolk,Chelsea,Black,3336.0,1710.0,1461.0,,,249.0
84342,2021-09-14,Suffolk,Chelsea,Hispanic,25092.0,16593.0,14661.0,,,1932.0
84343,2021-09-14,Suffolk,Chelsea,Multi,420.0,367.0,340.0,,,
84344,2021-09-14,Suffolk,Chelsea,NH/PI,16.0,,,,,
84345,2021-09-14,Suffolk,Chelsea,White,7307.0,6476.0,5875.0,,,601.0
84346,2021-09-14,Suffolk,Chelsea,Other/Unknown,,4294.0,2975.0,,,1319.0
84347,2021-09-14,Suffolk,Chelsea,Total,36918.0,,,,,
87372,2021-09-21,Suffolk,Chelsea,AI/AN,53.0,30.0,,,,
87373,2021-09-21,Suffolk,Chelsea,Asian,810.0,1113.0,1020.0,,,93.0
87374,2021-09-21,Suffolk,Chelsea,Black,3336.0,1733.0,1481.0,,,252.0
87375,2021-09-21,Suffolk,Chelsea,Hispanic,25092.0,16797.0,14831.0,,,1966.0
87376,2021-09-21,Suffolk,Chelsea,Multi,420.0,371.0,346.0,,,
87377,2021-09-21,Suffolk,Chelsea,NH/PI,16.0,,,,,
87378,2021-09-21,Suffolk,Chelsea,White,7307.0,6483.0,5888.0,,,595.0
87379,2021-09-21,Suffolk,Chelsea,Other/Unknown,,4296.0,2992.0,,,1304.0
87380,2021-09-21,Suffolk,Chelsea,Total,36918.0,,,,,
90405,2021-09-28,Suffolk,Chelsea,AI/AN,53.0,30.0,,,,
90406,2021-09-28,Suffolk,Chelsea,Asian,810.0,1111.0,1020.0,,,91.0
90407,2021-09-28,Suffolk,Chelsea,Black,3336.0,1750.0,1497.0,,,253.0
90408,2021-09-28,Suffolk,Chelsea,Hispanic,25092.0,16958.0,14974.0,,,1984.0
90409,2021-09-28,Suffolk,Chelsea,Multi,420.0,375.0,349.0,,,
90410,2021-09-28,Suffolk,Chelsea,NH/PI,16.0,,,,,
90411,2021-09-28,Suffolk,Chelsea,White,7307.0,6602.0,5990.0,,,612.0
90412,2021-09-28,Suffolk,Chelsea,Other/Unknown,,4331.0,3013.0,,,1318.0
90413,2021-09-28,Suffolk,Chelsea,Total,36918.0,,,,,
93438,2021-10-05,Suffolk,Chelsea,AI/AN,53.0,31.0,,,,
93439,2021-10-05,Suffolk,Chelsea,Asian,810.0,1109.0,1018.0,,,91.0
93440,2021-10-05,Suffolk,Chelsea,Black,3336.0,1767.0,1514.0,,,253.0
93441,2021-10-05,Suffolk,Chelsea,Hispanic,25092.0,17099.0,15095.0,,,2004.0
93442,2021-10-05,Suffolk,Chelsea,Multi,420.0,384.0,357.0,,,
93443,2021-10-05,Suffolk,Chelsea,NH/PI,16.0,,,,,
93444,2021-10-05,Suffolk,Chelsea,White,7307.0,6604.0,5989.0,,,615.0
93445,2021-10-05,Suffolk,Chelsea,Other/Unknown,,4317.0,2999.0,,,1318.0
93446,2021-10-05,Suffolk,Chelsea,Total,36918.0,,,,,
96471,2021-10-12,Suffolk,Chelsea,AI/AN,53.0,,,,,
96472,2021-10-12,Suffolk,Chelsea,Asian,810.0,1113.0,1019.0,,,94.0
96473,2021-10-12,Suffolk,Chelsea,Black,3336.0,1782.0,1525.0,,,257.0
96474,2021-10-12,Suffolk,Chelsea,Hispanic,25092.0,17240.0,15253.0,,,1987.0
96475,2021-10-12,Suffolk,Chelsea,Multi,420.0,399.0,369.0,,,30.0
96476,2021-10-12,Suffolk,Chelsea,NH/PI,16.0,,,,,
96477,2021-10-12,Suffolk,Chelsea,White,7307.0,6639.0,6016.0,,,623.0
96478,2021-10-12,Suffolk,Chelsea,Other/Unknown,,4303.0,2979.0,,,1324.0
96479,2021-10-12,Suffolk,Chelsea,Total,36918.0,,,,,
99504,2021-10-19,Suffolk,Chelsea,AI/AN,53.0,29.0,26.0,,,3.0
99505,2021-10-19,Suffolk,Chelsea,Asian,810.0,1111.0,1019.0,,,92.0
99506,2021-10-19,Suffolk,Chelsea,Black,3336.0,1794.0,1539.0,,,255.0
99507,2021-10-19,Suffolk,Chelsea,Hispanic,25092.0,17368.0,15383.0,,,1985.0
99508,2021-10-19,Suffolk,Chelsea,Multi,420.0,407.0,377.0,,,30.0
99509,2021-10-19,Suffolk,Chelsea,NH/PI,16.0,,,,,
99510,2021-10-19,Suffolk,Chelsea,White,7307.0,6657.0,6031.0,,,626.0
99511,2021-10-19,Suffolk,Chelsea,Other/Unknown,,4269.0,2962.0,,,1307.0
99512,2021-10-19,Suffolk,Chelsea,Total,36918.0,,,,,
102537,2021-10-26,Suffolk,Chelsea,AI/AN,53.0,30.0,27.0,,,3.0
102538,2021-10-26,Suffolk,Chelsea,Asian,810.0,1119.0,1026.0,,,93.0
102539,2021-10-26,Suffolk,Chelsea,Black,3336.0,1811.0,1551.0,,,260.0
102540,2021-10-26,Suffolk,Chelsea,Hispanic,25092.0,17499.0,15487.0,,,2012.0
102541,2021-10-26,Suffolk,Chelsea,Multi,420.0,413.0,383.0,,,30.0
102542,2021-10-26,Suffolk,Chelsea,NH/PI,16.0,,,,,
102543,2021-10-26,Suffolk,Chelsea,White,7307.0,6700.0,6069.0,,,631.0
102544,2021-10-26,Suffolk,Chelsea,Other/Unknown,,4269.0,2987.0,,,1282.0
102545,2021-10-26,Suffolk,Chelsea,Total,36918.0,,,,,
105570,2021-11-02,Suffolk,Chelsea,AI/AN,53.0,29.0,25.0,,,4.0
105571,2021-11-02,Suffolk,Chelsea,Asian,810.0,1138.0,1040.0,,,98.0
105572,2021-11-02,Suffolk,Chelsea,Black,3336.0,1843.0,1582.0,,,261.0
105573,2021-11-02,Suffolk,Chelsea,Hispanic,25092.0,17644.0,15584.0,,,2060.0
105574,2021-11-02,Suffolk,Chelsea,Multi,420.0,432.0,403.0,,,29.0
105575,2021-11-02,Suffolk,Chelsea,NH/PI,16.0,,,,,
105576,2021-11-02,Suffolk,Chelsea,White,7307.0,6775.0,6087.0,,,688.0
105577,2021-11-02,Suffolk,Chelsea,Other/Unknown,,4229.0,2959.0,,,1270.0
105578,2021-11-02,Suffolk,Chelsea,Total,36918.0,,,,,
108603,2021-11-09,Suffolk,Chelsea,AI/AN,53.0,29.0,25.0,,,4.0
108604,2021-11-09,Suffolk,Chelsea,Asian,810.0,1148.0,1038.0,,,110.0
108605,2021-11-09,Suffolk,Chelsea,Black,3336.0,1859.0,1579.0,,,280.0
108606,2021-11-09,Suffolk,Chelsea,Hispanic,25092.0,17881.0,15672.0,,,2209.0
108607,2021-11-09,Suffolk,Chelsea,Multi,420.0,446.0,417.0,,,29.0
108608,2021-11-09,Suffolk,Chelsea,NH/PI,16.0,,,,,
108609,2021-11-09,Suffolk,Chelsea,White,7307.0,6882.0,6120.0,,,762.0
108610,2021-11-09,Suffolk,Chelsea,Other/Unknown,,4236.0,2947.0,,,1289.0
108611,2021-11-09,Suffolk,Chelsea,Total,36918.0,,,,,
111636,2021-11-16,Suffolk,Chelsea,AI/AN,53.0,29.0,24.0,,,5.0
111637,2021-11-16,Suffolk,Chelsea,Asian,810.0,1152.0,1030.0,,,122.0
111638,2021-11-16,Suffolk,Chelsea,Black,3336.0,1888.0,1605.0,,,283.0
111639,2021-11-16,Suffolk,Chelsea,Hispanic,25092.0,18132.0,15792.0,,,2340.0
111640,2021-11-16,Suffolk,Chelsea,Multi,420.0,454.0,421.0,,,33.0
111641,2021-11-16,Suffolk,Chelsea,NH/PI,16.0,,,,,
111642,2021-11-16,Suffolk,Chelsea,White,7307.0,6996.0,6224.0,,,772.0
111643,2021-11-16,Suffolk,Chelsea,Other/Unknown,,4219.0,2920.0,,,1299.0
111644,2021-11-16,Suffolk,Chelsea,Total,36918.0,,,,,
114669,2021-11-23,Suffolk,Chelsea,AI/AN,53.0,28.0,23.0,,,5.0
114670,2021-11-23,Suffolk,Chelsea,Asian,810.0,1158.0,1027.0,,,131.0
114671,2021-11-23,Suffolk,Chelsea,Black,3336.0,1913.0,1609.0,,,304.0
114672,2021-11-23,Suffolk,Chelsea,Hispanic,25092.0,18481.0,15887.0,,,2594.0
114673,2021-11-23,Suffolk,Chelsea,Multi,420.0,475.0,435.0,,,40.0
114674,2021-11-23,Suffolk,Chelsea,NH/PI,16.0,,,,,
114675,2021-11-23,Suffolk,Chelsea,White,7307.0,7116.0,6277.0,,,839.0
114676,2021-11-23,Suffolk,Chelsea,Other/Unknown,,4265.0,2875.0,,,1390.0
114677,2021-11-23,Suffolk,Chelsea,Total,36918.0,,,,,
117702,2021-11-30,Suffolk,Chelsea,AI/AN,53.0,28.0,23.0,,,5.0
117703,2021-11-30,Suffolk,Chelsea,Asian,810.0,1164.0,1031.0,,,133.0
117704,2021-11-30,Suffolk,Chelsea,Black,3336.0,1921.0,1616.0,,,305.0
117705,2021-11-30,Suffolk,Chelsea,Hispanic,25092.0,18667.0,16023.0,,,2644.0
117706,2021-11-30,Suffolk,Chelsea,Multi,420.0,486.0,446.0,,,40.0
117707,2021-11-30,Suffolk,Chelsea,NH/PI,16.0,,,,,
117708,2021-11-30,Suffolk,Chelsea,White,7307.0,7174.0,6307.0,,,867.0
117709,2021-11-30,Suffolk,Chelsea,Other/Unknown,,4269.0,2870.0,,,1399.0
117710,2021-11-30,Suffolk,Chelsea,Total,36918.0,,,,,
120735,2021-12-07,Suffolk,Chelsea,AI/AN,53.0,27.0,23.0,,,4.0
120736,2021-12-07,Suffolk,Chelsea,Asian,810.0,1164.0,1036.0,,,128.0
120737,2021-12-07,Suffolk,Chelsea,Black,3336.0,1931.0,1633.0,,,298.0
120738,2021-12-07,Suffolk,Chelsea,Hispanic,25092.0,18924.0,16239.0,,,2685.0
120739,2021-12-07,Suffolk,Chelsea,Multi,420.0,493.0,460.0,,,33.0
120740,2021-12-07,Suffolk,Chelsea,NH/PI,16.0,,,,,
120741,2021-12-07,Suffolk,Chelsea,White,7307.0,7191.0,6405.0,,,786.0
120742,2021-12-07,Suffolk,Chelsea,Other/Unknown,,4274.0,2840.0,,,1434.0
120743,2021-12-07,Suffolk,Chelsea,Total,36918.0,,,,,
123768,2021-12-14,Suffolk,Chelsea,AI/AN,53.0,26.0,23.0,,,3.0
123769,2021-12-14,Suffolk,Chelsea,Asian,810.0,1175.0,1045.0,,,130.0
123770,2021-12-14,Suffolk,Chelsea,Black,3336.0,1945.0,1663.0,,,282.0
123771,2021-12-14,Suffolk,Chelsea,Hispanic,25092.0,19368.0,16482.0,,,2886.0
123772,2021-12-14,Suffolk,Chelsea,Multi,420.0,505.0,474.0,,,31.0
123773,2021-12-14,Suffolk,Chelsea,NH/PI,16.0,,,,,
123774,2021-12-14,Suffolk,Chelsea,White,7307.0,7223.0,6420.0,,,803.0
123775,2021-12-14,Suffolk,Chelsea,Other/Unknown,,4287.0,2825.0,,,1462.0
123776,2021-12-14,Suffolk,Chelsea,Total,36918.0,,,,,
126801,2021-12-21,Suffolk,Chelsea,AI/AN,53.0,26.0,23.0,4.0,,3.0
126802,2021-12-21,Suffolk,Chelsea,Asian,810.0,1191.0,1056.0,364.0,,135.0
126803,2021-12-21,Suffolk,Chelsea,Black,3336.0,1965.0,1672.0,378.0,,293.0
126804,2021-12-21,Suffolk,Chelsea,Hispanic,25092.0,19630.0,16595.0,3181.0,,3035.0
126805,2021-12-21,Suffolk,Chelsea,Multi,420.0,522.0,489.0,198.0,,33.0
126806,2021-12-21,Suffolk,Chelsea,NH/PI,16.0,,,,,
126807,2021-12-21,Suffolk,Chelsea,White,7307.0,7252.0,6435.0,2783.0,,817.0
126808,2021-12-21,Suffolk,Chelsea,Other/Unknown,,4281.0,2796.0,,,1485.0
126809,2021-12-21,Suffolk,Chelsea,Total,36918.0,,,,,
129834,2021-12-28,Suffolk,Chelsea,AI/AN,53.0,27.0,24.0,5.0,,3.0
129835,2021-12-28,Suffolk,Chelsea,Asian,810.0,1200.0,1067.0,408.0,,133.0
129836,2021-12-28,Suffolk,Chelsea,Black,3336.0,1978.0,1677.0,426.0,,301.0
129837,2021-12-28,Suffolk,Chelsea,Hispanic,25092.0,19824.0,16704.0,3456.0,,3120.0
129838,2021-12-28,Suffolk,Chelsea,Multi,420.0,532.0,495.0,207.0,,37.0
129839,2021-12-28,Suffolk,Chelsea,NH/PI,16.0,,,,,
129840,2021-12-28,Suffolk,Chelsea,White,7307.0,7288.0,6460.0,2956.0,,828.0
129841,2021-12-28,Suffolk,Chelsea,Other/Unknown,,4271.0,2781.0,,,1490.0
129842,2021-12-28,Suffolk,Chelsea,Total,36918.0,,,,,
132867,2022-01-04,Suffolk,Chelsea,AI/AN,53.0,27.0,24.0,5.0,,3.0
132868,2022-01-04,Suffolk,Chelsea,Asian,810.0,1199.0,1065.0,429.0,,134.0
132869,2022-01-04,Suffolk,Chelsea,Black,3336.0,2010.0,1701.0,466.0,,309.0
132870,2022-01-04,Suffolk,Chelsea,Hispanic,25092.0,20145.0,16892.0,3799.0,,3253.0
132871,2022-01-04,Suffolk,Chelsea,Multi,420.0,537.0,499.0,213.0,,38.0
132872,2022-01-04,Suffolk,Chelsea,NH/PI,16.0,,,,,
132873,2022-01-04,Suffolk,Chelsea,White,7307.0,7304.0,6468.0,3105.0,,836.0
132874,2022-01-04,Suffolk,Chelsea,Other/Unknown,,4253.0,2774.0,,,1479.0
132875,2022-01-04,Suffolk,Chelsea,Total,36918.0,,,,,
135900,2022-01-11,Suffolk,Chelsea,AI/AN,53.0,28.0,24.0,7.0,,4.0
135901,2022-01-11,Suffolk,Chelsea,Asian,810.0,1222.0,1073.0,470.0,,149.0
135902,2022-01-11,Suffolk,Chelsea,Black,3336.0,2028.0,1712.0,517.0,,316.0
135903,2022-01-11,Suffolk,Chelsea,Hispanic,25092.0,20566.0,17141.0,4298.0,,3425.0
135904,2022-01-11,Suffolk,Chelsea,Multi,420.0,551.0,507.0,232.0,,44.0
135905,2022-01-11,Suffolk,Chelsea,NH/PI,16.0,,,,,
135906,2022-01-11,Suffolk,Chelsea,White,7307.0,7310.0,6479.0,3292.0,,831.0
135907,2022-01-11,Suffolk,Chelsea,Other/Unknown,,4242.0,2755.0,,,1487.0
135908,2022-01-11,Suffolk,Chelsea,Total,36918.0,,,,,
138933,2022-01-18,Suffolk,Chelsea,AI/AN,53.0,30.0,24.0,9.0,,6.0
138934,2022-01-18,Suffolk,Chelsea,Asian,810.0,1248.0,1077.0,497.0,,171.0
138935,2022-01-18,Suffolk,Chelsea,Black,3336.0,2052.0,1719.0,566.0,,333.0
138936,2022-01-18,Suffolk,Chelsea,Hispanic,25092.0,20897.0,17263.0,4669.0,,3634.0
138937,2022-01-18,Suffolk,Chelsea,Multi,420.0,557.0,515.0,247.0,,42.0
138938,2022-01-18,Suffolk,Chelsea,NH/PI,16.0,,,,,
138939,2022-01-18,Suffolk,Chelsea,White,7307.0,7368.0,6505.0,3456.0,,863.0
138940,2022-01-18,Suffolk,Chelsea,Other/Unknown,,4249.0,2743.0,,,1506.0
138941,2022-01-18,Suffolk,Chelsea,Total,36918.0,,,,,
141966,2022-01-25,Suffolk,Chelsea,AI/AN,53.0,30.0,24.0,9.0,,6.0
141967,2022-01-25,Suffolk,Chelsea,Asian,810.0,1263.0,1082.0,528.0,,181.0
141968,2022-01-25,Suffolk,Chelsea,Black,3336.0,2085.0,1726.0,609.0,,359.0
141969,2022-01-25,Suffolk,Chelsea,Hispanic,25092.0,21296.0,17479.0,5108.0,,3817.0
141970,2022-01-25,Suffolk,Chelsea,Multi,420.0,561.0,518.0,257.0,,43.0
141971,2022-01-25,Suffolk,Chelsea,NH/PI,16.0,,,,,
141972,2022-01-25,Suffolk,Chelsea,White,7307.0,7406.0,6520.0,3549.0,,886.0
141973,2022-01-25,Suffolk,Chelsea,Other/Unknown,,4307.0,2755.0,,,1552.0
141974,2022-01-25,Suffolk,Chelsea,Total,36918.0,,,,,
144999,2022-02-01,Suffolk,Chelsea,AI/AN,53.0,31.0,24.0,9.0,,7.0
145000,2022-02-01,Suffolk,Chelsea,Asian,810.0,1285.0,1082.0,537.0,,203.0
145001,2022-02-01,Suffolk,Chelsea,Black,3336.0,2101.0,1744.0,627.0,,357.0
145002,2022-02-01,Suffolk,Chelsea,Hispanic,25092.0,21452.0,17566.0,5307.0,,3886.0
145003,2022-02-01,Suffolk,Chelsea,Multi,420.0,566.0,525.0,265.0,,41.0
145004,2022-02-01,Suffolk,Chelsea,NH/PI,16.0,,,,,
145005,2022-02-01,Suffolk,Chelsea,White,7307.0,7439.0,6539.0,3627.0,,900.0
145006,2022-02-01,Suffolk,Chelsea,Other/Unknown,,4348.0,2761.0,,,1587.0
145007,2022-02-01,Suffolk,Chelsea,Total,36918.0,,,,,
148032,2022-02-08,Suffolk,Chelsea,AI/AN,53.0,33.0,26.0,10.0,,7.0
148033,2022-02-08,Suffolk,Chelsea,Asian,810.0,1289.0,1086.0,545.0,,203.0
148034,2022-02-08,Suffolk,Chelsea,Black,3336.0,2116.0,1758.0,645.0,,358.0
148035,2022-02-08,Suffolk,Chelsea,Hispanic,25092.0,21679.0,17796.0,5600.0,,3883.0
148036,2022-02-08,Suffolk,Chelsea,Multi,420.0,566.0,526.0,270.0,,40.0
148037,2022-02-08,Suffolk,Chelsea,NH/PI,16.0,,,,,
148038,2022-02-08,Suffolk,Chelsea,White,7307.0,7460.0,6559.0,3679.0,,901.0
148039,2022-02-08,Suffolk,Chelsea,Other/Unknown,,4371.0,2776.0,,,1595.0
148040,2022-02-08,Suffolk,Chelsea,Total,36918.0,,,,,
151065,2022-02-15,Suffolk,Chelsea,AI/AN,53.0,33.0,26.0,10.0,,7.0
151066,2022-02-15,Suffolk,Chelsea,Asian,810.0,1291.0,1089.0,554.0,,202.0
151067,2022-02-15,Suffolk,Chelsea,Black,3336.0,2136.0,1781.0,663.0,,355.0
151068,2022-02-15,Suffolk,Chelsea,Hispanic,25092.0,21856.0,18003.0,5872.0,,3853.0
151069,2022-02-15,Suffolk,Chelsea,Multi,420.0,572.0,532.0,282.0,,40.0
151070,2022-02-15,Suffolk,Chelsea,NH/PI,16.0,,,,,
151071,2022-02-15,Suffolk,Chelsea,White,7307.0,7477.0,6594.0,3734.0,,883.0
151072,2022-02-15,Suffolk,Chelsea,Other/Unknown,,4395.0,2788.0,,,1607.0
151073,2022-02-15,Suffolk,Chelsea,Total,36918.0,,,,,
154098,2022-02-22,Suffolk,Chelsea,AI/AN,53.0,34.0,27.0,10.0,,7.0
154099,2022-02-22,Suffolk,Chelsea,Asian,810.0,1298.0,1093.0,560.0,,205.0
154100,2022-02-22,Suffolk,Chelsea,Black,3336.0,2141.0,1795.0,689.0,,346.0
154101,2022-02-22,Suffolk,Chelsea,Hispanic,25092.0,22046.0,18170.0,6110.0,,3876.0
154102,2022-02-22,Suffolk,Chelsea,Multi,420.0,579.0,541.0,295.0,,38.0
154103,2022-02-22,Suffolk,Chelsea,NH/PI,16.0,,,,,
154104,2022-02-22,Suffolk,Chelsea,White,7307.0,7482.0,6601.0,3782.0,,881.0
154105,2022-02-22,Suffolk,Chelsea,Other/Unknown,,4403.0,2790.0,,,1613.0
154106,2022-02-22,Suffolk,Chelsea,Total,36918.0,,,,,
157131,2022-03-01,Suffolk,Chelsea,AI/AN,53.0,34.0,27.0,10.0,,7.0
157132,2022-03-01,Suffolk,Chelsea,Asian,810.0,1315.0,1092.0,569.0,,223.0
157133,2022-03-01,Suffolk,Chelsea,Black,3336.0,2145.0,1802.0,715.0,,343.0
157134,2022-03-01,Suffolk,Chelsea,Hispanic,25092.0,22180.0,18267.0,6243.0,,3913.0
157135,2022-03-01,Suffolk,Chelsea,Multi,420.0,580.0,543.0,301.0,,37.0
157136,2022-03-01,Suffolk,Chelsea,NH/PI,16.0,,,,,
157137,2022-03-01,Suffolk,Chelsea,White,7307.0,7471.0,6603.0,3815.0,,868.0
157138,2022-03-01,Suffolk,Chelsea,Other/Unknown,,4403.0,2790.0,,,1613.0
157139,2022-03-01,Suffolk,Chelsea,Total,36918.0,,,,,
160164,2022-03-08,Suffolk,Chelsea,AI/AN,53.0,35.0,27.0,11.0,,8.0
160165,2022-03-08,Suffolk,Chelsea,Asian,810.0,1319.0,1094.0,579.0,,225.0
160166,2022-03-08,Suffolk,Chelsea,Black,3336.0,2161.0,1816.0,728.0,,345.0
160167,2022-03-08,Suffolk,Chelsea,Hispanic,25092.0,22285.0,18387.0,6375.0,,3898.0
160168,2022-03-08,Suffolk,Chelsea,Multi,420.0,581.0,544.0,306.0,,37.0
160169,2022-03-08,Suffolk,Chelsea,NH/PI,16.0,,,,,
160170,2022-03-08,Suffolk,Chelsea,White,7307.0,7473.0,6604.0,3841.0,,869.0
160171,2022-03-08,Suffolk,Chelsea,Other/Unknown,,4415.0,2797.0,,,1618.0
160172,2022-03-08,Suffolk,Chelsea,Total,36918.0,,,,,
163197,2022-03-15,Suffolk,Chelsea,AI/AN,53.0,36.0,28.0,11.0,,8.0
163198,2022-03-15,Suffolk,Chelsea,Asian,810.0,1322.0,1100.0,586.0,,222.0
163199,2022-03-15,Suffolk,Chelsea,Black,3336.0,2162.0,1822.0,736.0,,340.0
163200,2022-03-15,Suffolk,Chelsea,Hispanic,25092.0,22390.0,18473.0,6487.0,,3917.0
163201,2022-03-15,Suffolk,Chelsea,Multi,420.0,579.0,543.0,307.0,,36.0
163202,2022-03-15,Suffolk,Chelsea,NH/PI,16.0,,,,,
163203,2022-03-15,Suffolk,Chelsea,White,7307.0,7466.0,6607.0,3860.0,,859.0
163204,2022-03-15,Suffolk,Chelsea,Other/Unknown,,4423.0,2810.0,,,1613.0
163205,2022-03-15,Suffolk,Chelsea,Total,36918.0,,,,,
166230,2022-03-22,Suffolk,Chelsea,AI/AN,53.0,36.0,28.0,11.0,,8.0
166231,2022-03-22,Suffolk,Chelsea,Asian,810.0,1321.0,1102.0,591.0,,219.0
166232,2022-03-22,Suffolk,Chelsea,Black,3336.0,2161.0,1830.0,749.0,,331.0
166233,2022-03-22,Suffolk,Chelsea,Hispanic,25092.0,22459.0,18548.0,6590.0,,3911.0
166234,2022-03-22,Suffolk,Chelsea,Multi,420.0,580.0,547.0,315.0,,33.0
166235,2022-03-22,Suffolk,Chelsea,NH/PI,16.0,,,,,
166236,2022-03-22,Suffolk,Chelsea,White,7307.0,7471.0,6612.0,3881.0,,859.0
166237,2022-03-22,Suffolk,Chelsea,Other/Unknown,,4411.0,2809.0,,,1602.0
166238,2022-03-22,Suffolk,Chelsea,Total,36918.0,,,,,
169263,2022-03-29,Suffolk,Chelsea,AI/AN,53.0,35.0,28.0,11.0,,7.0
169264,2022-03-29,Suffolk,Chelsea,Asian,810.0,1320.0,1104.0,594.0,,216.0
169265,2022-03-29,Suffolk,Chelsea,Black,3336.0,2166.0,1837.0,765.0,,329.0
169266,2022-03-29,Suffolk,Chelsea,Hispanic,25092.0,22487.0,18592.0,6675.0,,3895.0
169267,2022-03-29,Suffolk,Chelsea,Multi,420.0,583.0,550.0,317.0,,33.0
169268,2022-03-29,Suffolk,Chelsea,NH/PI,16.0,,,,,
169269,2022-03-29,Suffolk,Chelsea,White,7307.0,7486.0,6629.0,3904.0,,857.0
169270,2022-03-29,Suffolk,Chelsea,Other/Unknown,,4428.0,2818.0,,,1610.0
169271,2022-03-29,Suffolk,Chelsea,Total,36918.0,,,,,
172296,2022-04-05,Suffolk,Chelsea,AI/AN,53.0,36.0,29.0,12.0,,7.0
172297,2022-04-05,Suffolk,Chelsea,Asian,810.0,1320.0,1106.0,599.0,,214.0
172298,2022-04-05,Suffolk,Chelsea,Black,3336.0,2169.0,1842.0,773.0,,327.0
172299,2022-04-05,Suffolk,Chelsea,Hispanic,25092.0,22520.0,18622.0,6753.0,,3898.0
172300,2022-04-05,Suffolk,Chelsea,Multi,420.0,586.0,552.0,320.0,,34.0
172301,2022-04-05,Suffolk,Chelsea,NH/PI,16.0,,,,,
172302,2022-04-05,Suffolk,Chelsea,White,7307.0,7500.0,6644.0,3927.0,,856.0
172303,2022-04-05,Suffolk,Chelsea,Other/Unknown,,4439.0,2818.0,,,1621.0
172304,2022-04-05,Suffolk,Chelsea,Total,36918.0,,,,,
175329,2022-04-12,Suffolk,Chelsea,AI/AN,53.0,35.0,28.0,12.0,,7.0
175330,2022-04-12,Suffolk,Chelsea,Asian,810.0,1320.0,1106.0,600.0,,214.0
175331,2022-04-12,Suffolk,Chelsea,Black,3336.0,2174.0,1846.0,786.0,,328.0
175332,2022-04-12,Suffolk,Chelsea,Hispanic,25092.0,22573.0,18659.0,6817.0,,3914.0
175333,2022-04-12,Suffolk,Chelsea,Multi,420.0,590.0,557.0,326.0,,33.0
175334,2022-04-12,Suffolk,Chelsea,NH/PI,16.0,,,,,
175335,2022-04-12,Suffolk,Chelsea,White,7307.0,7513.0,6658.0,3956.0,,855.0
175336,2022-04-12,Suffolk,Chelsea,Other/Unknown,,4444.0,2817.0,,,1627.0
175337,2022-04-12,Suffolk,Chelsea,Total,36918.0,,,,,
178362,2022-04-19,Suffolk,Chelsea,AI/AN,53.0,35.0,28.0,12.0,,7.0
178363,2022-04-19,Suffolk,Chelsea,Asian,810.0,1321.0,1108.0,601.0,,213.0
178364,2022-04-19,Suffolk,Chelsea,Black,3336.0,2169.0,1846.0,784.0,,323.0
178365,2022-04-19,Suffolk,Chelsea,Hispanic,25092.0,22598.0,18685.0,6893.0,,3913.0
178366,2022-04-19,Suffolk,Chelsea,Multi,420.0,588.0,557.0,327.0,,31.0
178367,2022-04-19,Suffolk,Chelsea,NH/PI,16.0,,,,,
178368,2022-04-19,Suffolk,Chelsea,White,7307.0,7520.0,6668.0,3978.0,,852.0
178369,2022-04-19,Suffolk,Chelsea,Other/Unknown,,4435.0,2831.0,,,1604.0
178370,2022-04-19,Suffolk,Chelsea,Total,36918.0,,,,,
181395,2022-04-26,Suffolk,Chelsea,AI/AN,53.0,35.0,28.0,12.0,,7.0
181396,2022-04-26,Suffolk,Chelsea,Asian,810.0,1324.0,1108.0,604.0,,216.0
181397,2022-04-26,Suffolk,Chelsea,Black,3336.0,2173.0,1847.0,790.0,,326.0
181398,2022-04-26,Suffolk,Chelsea,Hispanic,25092.0,22629.0,18726.0,6971.0,,3903.0
181399,2022-04-26,Suffolk,Chelsea,Multi,420.0,591.0,560.0,334.0,,31.0
181400,2022-04-26,Suffolk,Chelsea,NH/PI,16.0,,,,,
181401,2022-04-26,Suffolk,Chelsea,White,7307.0,7532.0,6679.0,3989.0,,853.0
181402,2022-04-26,Suffolk,Chelsea,Other/Unknown,,4420.0,2823.0,,,1597.0
181403,2022-04-26,Suffolk,Chelsea,Total,36918.0,,,,,
184428,2022-05-03,Suffolk,Chelsea,AI/AN,53.0,35.0,29.0,12.0,,6.0
184429,2022-05-03,Suffolk,Chelsea,Asian,810.0,1326.0,1110.0,613.0,,216.0
184430,2022-05-03,Suffolk,Chelsea,Black,3336.0,2181.0,1856.0,805.0,,325.0
184431,2022-05-03,Suffolk,Chelsea,Hispanic,25092.0,22677.0,18756.0,7039.0,,3921.0
184432,2022-05-03,Suffolk,Chelsea,Multi,420.0,594.0,563.0,340.0,,31.0
184433,2022-05-03,Suffolk,Chelsea,NH/PI,16.0,,,,,
184434,2022-05-03,Suffolk,Chelsea,White,7307.0,7543.0,6686.0,4010.0,,857.0
184435,2022-05-03,Suffolk,Chelsea,Other/Unknown,,4446.0,2825.0,,,1621.0
184436,2022-05-03,Suffolk,Chelsea,Total,36918.0,,,,,
187461,2022-05-10,Suffolk,Chelsea,AI/AN,53.0,35.0,29.0,12.0,,6.0
187462,2022-05-10,Suffolk,Chelsea,Asian,810.0,1330.0,1110.0,614.0,,220.0
187463,2022-05-10,Suffolk,Chelsea,Black,3336.0,2178.0,1854.0,811.0,,324.0
187464,2022-05-10,Suffolk,Chelsea,Hispanic,25092.0,22690.0,18784.0,7117.0,,3906.0
187465,2022-05-10,Suffolk,Chelsea,Multi,420.0,595.0,564.0,345.0,,31.0
187466,2022-05-10,Suffolk,Chelsea,NH/PI,16.0,,,,,
187467,2022-05-10,Suffolk,Chelsea,White,7307.0,7554.0,6696.0,4024.0,,858.0
187468,2022-05-10,Suffolk,Chelsea,Other/Unknown,,4443.0,2818.0,,,1625.0
187469,2022-05-10,Suffolk,Chelsea,Total,36918.0,,,,,
190494,2022-05-17,Suffolk,Chelsea,AI/AN,53.0,35.0,29.0,12.0,,6.0
190495,2022-05-17,Suffolk,Chelsea,Asian,810.0,1327.0,1108.0,615.0,,219.0
190496,2022-05-17,Suffolk,Chelsea,Black,3336.0,2185.0,1866.0,819.0,,319.0
190497,2022-05-17,Suffolk,Chelsea,Hispanic,25092.0,22750.0,18813.0,7187.0,,3937.0
190498,2022-05-17,Suffolk,Chelsea,Multi,420.0,601.0,568.0,350.0,,33.0
190499,2022-05-17,Suffolk,Chelsea,NH/PI,16.0,,,,,
190500,2022-05-17,Suffolk,Chelsea,White,7307.0,7571.0,6709.0,4057.0,,862.0
190501,2022-05-17,Suffolk,Chelsea,Other/Unknown,,4442.0,2817.0,,,1625.0
190502,2022-05-17,Suffolk,Chelsea,Total,36918.0,,,,,
193527,2022-05-24,Suffolk,Chelsea,AI/AN,53.0,36.0,30.0,12.0,,6.0
193528,2022-05-24,Suffolk,Chelsea,Asian,810.0,1330.0,1110.0,624.0,,220.0
193529,2022-05-24,Suffolk,Chelsea,Black,3336.0,2187.0,1869.0,825.0,,318.0
193530,2022-05-24,Suffolk,Chelsea,Hispanic,25092.0,22779.0,18844.0,7254.0,,3935.0
193531,2022-05-24,Suffolk,Chelsea,Multi,420.0,602.0,569.0,354.0,,33.0
193532,2022-05-24,Suffolk,Chelsea,NH/PI,16.0,,,,,
193533,2022-05-24,Suffolk,Chelsea,White,7307.0,7572.0,6709.0,4068.0,,863.0
193534,2022-05-24,Suffolk,Chelsea,Other/Unknown,,4443.0,2812.0,,,1631.0
193535,2022-05-24,Suffolk,Chelsea,Total,36918.0,,,,,
196560,2022-05-31,Suffolk,Chelsea,AI/AN,53.0,38.0,31.0,13.0,,7.0
196561,2022-05-31,Suffolk,Chelsea,Asian,810.0,1331.0,1112.0,625.0,,219.0
196562,2022-05-31,Suffolk,Chelsea,Black,3336.0,2189.0,1867.0,830.0,,322.0
196563,2022-05-31,Suffolk,Chelsea,Hispanic,25092.0,22797.0,18860.0,7315.0,,3937.0
196564,2022-05-31,Suffolk,Chelsea,Multi,420.0,601.0,568.0,355.0,,33.0
196565,2022-05-31,Suffolk,Chelsea,NH/PI,16.0,,,,,
196566,2022-05-31,Suffolk,Chelsea,White,7307.0,7574.0,6719.0,4087.0,,855.0
196567,2022-05-31,Suffolk,Chelsea,Other/Unknown,,4445.0,2813.0,,,1632.0
196568,2022-05-31,Suffolk,Chelsea,Total,36918.0,,,,,
199593,2022-06-07,Suffolk,Chelsea,AI/AN,53.0,38.0,31.0,13.0,,7.0
199594,2022-06-07,Suffolk,Chelsea,Asian,810.0,1335.0,1115.0,627.0,,220.0
199595,2022-06-07,Suffolk,Chelsea,Black,3336.0,2197.0,1874.0,841.0,,323.0
199596,2022-06-07,Suffolk,Chelsea,Hispanic,25092.0,22829.0,18886.0,7380.0,,3943.0
199597,2022-06-07,Suffolk,Chelsea,Multi,420.0,599.0,568.0,355.0,,31.0
199598,2022-06-07,Suffolk,Chelsea,NH/PI,16.0,,,,,
199599,2022-06-07,Suffolk,Chelsea,White,7307.0,7585.0,6732.0,4111.0,,853.0
199600,2022-06-07,Suffolk,Chelsea,Other/Unknown,,4434.0,2819.0,,,1615.0
199601,2022-06-07,Suffolk,Chelsea,Total,36918.0,,,,,
202626,2022-06-14,Suffolk,Chelsea,AI/AN,53.0,39.0,31.0,13.0,,8.0
202627,2022-06-14,Suffolk,Chelsea,Asian,810.0,1338.0,1114.0,630.0,,224.0
202628,2022-06-14,Suffolk,Chelsea,Black,3336.0,2201.0,1874.0,847.0,,327.0
202629,2022-06-14,Suffolk,Chelsea,Hispanic,25092.0,22853.0,18929.0,7480.0,,3924.0
202630,2022-06-14,Suffolk,Chelsea,Multi,420.0,603.0,572.0,363.0,,31.0
202631,2022-06-14,Suffolk,Chelsea,NH/PI,16.0,,,,,
202632,2022-06-14,Suffolk,Chelsea,White,7307.0,7587.0,6734.0,4125.0,,853.0
202633,2022-06-14,Suffolk,Chelsea,Other/Unknown,,4430.0,2813.0,,,1617.0
202634,2022-06-14,Suffolk,Chelsea,Total,36918.0,,,,,
205659,2022-06-21,Suffolk,Chelsea,AI/AN,53.0,39.0,31.0,13.0,,8.0
205660,2022-06-21,Suffolk,Chelsea,Asian,810.0,1335.0,1112.0,633.0,,223.0
205661,2022-06-21,Suffolk,Chelsea,Black,3336.0,2206.0,1874.0,858.0,,332.0
205662,2022-06-21,Suffolk,Chelsea,Hispanic,25092.0,22880.0,18957.0,7546.0,,3923.0
205663,2022-06-21,Suffolk,Chelsea,Multi,420.0,604.0,573.0,364.0,,31.0
205664,2022-06-21,Suffolk,Chelsea,NH/PI,16.0,,,,,
205665,2022-06-21,Suffolk,Chelsea,White,7307.0,7608.0,6746.0,4154.0,,862.0
205666,2022-06-21,Suffolk,Chelsea,Other/Unknown,,4421.0,2814.0,,,1607.0
205667,2022-06-21,Suffolk,Chelsea,Total,36918.0,,,,,
208692,2022-06-28,Suffolk,Chelsea,AI/AN,53.0,38.0,30.0,13.0,,8.0
208693,2022-06-28,Suffolk,Chelsea,Asian,810.0,1341.0,1114.0,636.0,,227.0
208694,2022-06-28,Suffolk,Chelsea,Black,3336.0,2211.0,1875.0,867.0,,336.0
208695,2022-06-28,Suffolk,Chelsea,Hispanic,25092.0,22911.0,18985.0,7622.0,,3926.0
208696,2022-06-28,Suffolk,Chelsea,Multi,420.0,607.0,577.0,367.0,,30.0
208697,2022-06-28,Suffolk,Chelsea,NH/PI,16.0,,,,,
208698,2022-06-28,Suffolk,Chelsea,White,7307.0,7611.0,6749.0,4174.0,,862.0
208699,2022-06-28,Suffolk,Chelsea,Other/Unknown,,4424.0,2816.0,,,1608.0
208700,2022-06-28,Suffolk,Chelsea,Total,36918.0,,,,,
211725,2022-07-05,Suffolk,Chelsea,AI/AN,53.0,39.0,31.0,13.0,,8.0
211726,2022-07-05,Suffolk,Chelsea,Asian,810.0,1343.0,1115.0,638.0,,228.0
211727,2022-07-05,Suffolk,Chelsea,Black,3336.0,2208.0,1871.0,871.0,,337.0
211728,2022-07-05,Suffolk,Chelsea,Hispanic,25092.0,22934.0,19004.0,7662.0,,3930.0
211729,2022-07-05,Suffolk,Chelsea,Multi,420.0,607.0,576.0,367.0,,31.0
211730,2022-07-05,Suffolk,Chelsea,NH/PI,16.0,,,,,
211731,2022-07-05,Suffolk,Chelsea,White,7307.0,7619.0,6756.0,4183.0,,863.0
211732,2022-07-05,Suffolk,Chelsea,Other/Unknown,,4433.0,2812.0,,,1621.0
211733,2022-07-05,Suffolk,Chelsea,Total,36918.0,,,,,
214758,2022-07-12,Suffolk,Chelsea,AI/AN,75.0,39.0,31.0,13.0,1.0,
214759,2022-07-12,Suffolk,Chelsea,Asian,1351.0,1344.0,1115.0,641.0,61.0,
214760,2022-07-12,Suffolk,Chelsea,Black,3014.0,2210.0,1872.0,875.0,107.0,
214761,2022-07-12,Suffolk,Chelsea,Hispanic,26773.0,22958.0,19030.0,7709.0,702.0,
214762,2022-07-12,Suffolk,Chelsea,Multi,1046.0,609.0,578.0,369.0,55.0,
214763,2022-07-12,Suffolk,Chelsea,NH/PI,12.0,,,,,
214764,2022-07-12,Suffolk,Chelsea,White,8517.0,7631.0,6756.0,4187.0,1017.0,
214765,2022-07-12,Suffolk,Chelsea,Other/Unknown,,4436.0,2808.0,751.0,,
214766,2022-07-12,Suffolk,Chelsea,Total,40787.0,,,,,
217791,2022-07-19,Suffolk,Chelsea,AI/AN,75.0,39.0,31.0,13.0,1.0,
217792,2022-07-19,Suffolk,Chelsea,Asian,1351.0,1346.0,1114.0,644.0,64.0,
217793,2022-07-19,Suffolk,Chelsea,Black,3014.0,2212.0,1875.0,878.0,111.0,
217794,2022-07-19,Suffolk,Chelsea,Hispanic,26773.0,23011.0,19065.0,7790.0,736.0,
217795,2022-07-19,Suffolk,Chelsea,Multi,1046.0,610.0,579.0,373.0,57.0,
217796,2022-07-19,Suffolk,Chelsea,NH/PI,12.0,,,,,
217797,2022-07-19,Suffolk,Chelsea,White,8517.0,7644.0,6761.0,4210.0,1058.0,
217798,2022-07-19,Suffolk,Chelsea,Other/Unknown,,4450.0,2803.0,756.0,,
217799,2022-07-19,Suffolk,Chelsea,Total,40787.0,,,,,
220824,2022-07-26,Suffolk,Chelsea,AI/AN,75.0,40.0,32.0,14.0,1.0,
220825,2022-07-26,Suffolk,Chelsea,Asian,1351.0,1350.0,1120.0,646.0,74.0,
220826,2022-07-26,Suffolk,Chelsea,Black,3014.0,2217.0,1879.0,882.0,110.0,
220827,2022-07-26,Suffolk,Chelsea,Hispanic,26773.0,23057.0,19106.0,7870.0,793.0,
220828,2022-07-26,Suffolk,Chelsea,Multi,1046.0,611.0,580.0,375.0,59.0,
220829,2022-07-26,Suffolk,Chelsea,NH/PI,12.0,,,,,
220830,2022-07-26,Suffolk,Chelsea,White,8517.0,7641.0,6761.0,4229.0,1096.0,
220831,2022-07-26,Suffolk,Chelsea,Other/Unknown,,4457.0,2799.0,761.0,,
220832,2022-07-26,Suffolk,Chelsea,Total,40787.0,,,,,
223857,2022-08-02,Suffolk,Chelsea,AI/AN,75.0,39.0,31.0,13.0,1.0,
223858,2022-08-02,Suffolk,Chelsea,Asian,1351.0,1353.0,1121.0,648.0,76.0,
223859,2022-08-02,Suffolk,Chelsea,Black,3014.0,2224.0,1883.0,888.0,118.0,
223860,2022-08-02,Suffolk,Chelsea,Hispanic,26773.0,23065.0,19119.0,7947.0,837.0,
223861,2022-08-02,Suffolk,Chelsea,Multi,1046.0,614.0,583.0,379.0,61.0,
223862,2022-08-02,Suffolk,Chelsea,NH/PI,12.0,,,,,
223863,2022-08-02,Suffolk,Chelsea,White,8517.0,7645.0,6760.0,4236.0,1119.0,
223864,2022-08-02,Suffolk,Chelsea,Other/Unknown,0.0,,,,,
223865,2022-08-02,Suffolk,Chelsea,Total,40787.0,43889.0,35112.0,14889.0,2291.0,
226890,2022-08-09,Suffolk,Chelsea,AI/AN,75.0,40.0,32.0,14.0,2.0,
226891,2022-08-09,Suffolk,Chelsea,Asian,1351.0,1353.0,1120.0,649.0,80.0,
226892,2022-08-09,Suffolk,Chelsea,Black,3014.0,2227.0,1887.0,894.0,122.0,
226893,2022-08-09,Suffolk,Chelsea,Hispanic,26773.0,23086.0,19141.0,8004.0,881.0,
226894,2022-08-09,Suffolk,Chelsea,Multi,1046.0,616.0,585.0,381.0,63.0,
226895,2022-08-09,Suffolk,Chelsea,NH/PI,12.0,,,,,
226896,2022-08-09,Suffolk,Chelsea,White,8517.0,7656.0,6770.0,4243.0,1139.0,
226897,2022-08-09,Suffolk,Chelsea,Other/Unknown,0.0,,,,,
226898,2022-08-09,Suffolk,Chelsea,Total,40787.0,43911.0,35146.0,14964.0,2368.0,
229923,2022-08-16,Suffolk,Chelsea,AI/AN,75.0,39.0,31.0,14.0,2.0,
229924,2022-08-16,Suffolk,Chelsea,Asian,1351.0,1354.0,1121.0,653.0,81.0,
229925,2022-08-16,Suffolk,Chelsea,Black,3014.0,2234.0,1890.0,901.0,123.0,
229926,2022-08-16,Suffolk,Chelsea,Hispanic,26773.0,23147.0,19175.0,8090.0,913.0,
229927,2022-08-16,Suffolk,Chelsea,Multi,1046.0,619.0,588.0,385.0,64.0,
229928,2022-08-16,Suffolk,Chelsea,NH/PI,12.0,,,,,
229929,2022-08-16,Suffolk,Chelsea,White,8517.0,7663.0,6778.0,4251.0,1151.0,
229930,2022-08-16,Suffolk,Chelsea,Other/Unknown,0.0,,,,,
229931,2022-08-16,Suffolk,Chelsea,Total,40787.0,44001.0,35202.0,15080.0,2416.0,
232956,2022-08-23,Suffolk,Chelsea,AI/AN,75.0,39.0,31.0,14.0,2.0,
232957,2022-08-23,Suffolk,Chelsea,Asian,1351.0,1353.0,1121.0,653.0,81.0,
232958,2022-08-23,Suffolk,Chelsea,Black,3014.0,2240.0,1893.0,916.0,124.0,
232959,2022-08-23,Suffolk,Chelsea,Hispanic,26773.0,23174.0,19198.0,8160.0,945.0,
232960,2022-08-23,Suffolk,Chelsea,Multi,1046.0,618.0,589.0,385.0,66.0,
232961,2022-08-23,Suffolk,Chelsea,NH/PI,12.0,,,,,
232962,2022-08-23,Suffolk,Chelsea,White,8517.0,7664.0,6784.0,4262.0,1165.0,
232963,2022-08-23,Suffolk,Chelsea,Other/Unknown,0.0,,,,,
232964,2022-08-23,Suffolk,Chelsea,Total,40787.0,44029.0,35243.0,15181.0,2466.0,
235989,2022-08-30,Suffolk,Chelsea,AI/AN,75.0,39.0,31.0,14.0,2.0,
235990,2022-08-30,Suffolk,Chelsea,Asian,1351.0,1357.0,1123.0,658.0,81.0,
235991,2022-08-30,Suffolk,Chelsea,Black,3014.0,2251.0,1897.0,924.0,126.0,
235992,2022-08-30,Suffolk,Chelsea,Hispanic,26773.0,23220.0,19214.0,8205.0,967.0,
235993,2022-08-30,Suffolk,Chelsea,Multi,1046.0,620.0,590.0,387.0,67.0,
235994,2022-08-30,Suffolk,Chelsea,NH/PI,12.0,,,,,
235995,2022-08-30,Suffolk,Chelsea,White,8517.0,7674.0,6789.0,4273.0,1175.0,
235996,2022-08-30,Suffolk,Chelsea,Other/Unknown,0.0,,,,,
235997,2022-08-30,Suffolk,Chelsea,Total,40787.0,44106.0,35279.0,15259.0,2504.0,
239022,2022-09-06,Suffolk,Chelsea,AI/AN,75.0,39.0,31.0,14.0,3.0,
239023,2022-09-06,Suffolk,Chelsea,Asian,1351.0,1356.0,1123.0,659.0,84.0,
239024,2022-09-06,Suffolk,Chelsea,Black,3014.0,2265.0,1913.0,937.0,129.0,
239025,2022-09-06,Suffolk,Chelsea,Hispanic,26773.0,23261.0,19289.0,8265.0,973.0,
239026,2022-09-06,Suffolk,Chelsea,Multi,1046.0,633.0,604.0,399.0,69.0,
239027,2022-09-06,Suffolk,Chelsea,NH/PI,12.0,,,,,
239028,2022-09-06,Suffolk,Chelsea,White,8517.0,7701.0,6820.0,4287.0,1181.0,
239029,2022-09-06,Suffolk,Chelsea,Other/Unknown,,,,,,
239030,2022-09-06,Suffolk,Chelsea,Total,40787.0,43996.0,35245.0,15356.0,2524.0,
242055,2022-09-13,Suffolk,Chelsea,AI/AN,75.0,39.0,31.0,14.0,3.0,
242056,2022-09-13,Suffolk,Chelsea,Asian,1351.0,1363.0,1126.0,664.0,90.0,
242057,2022-09-13,Suffolk,Chelsea,Black,3014.0,2279.0,1924.0,942.0,132.0,
242058,2022-09-13,Suffolk,Chelsea,Hispanic,26773.0,23220.0,19343.0,8365.0,1010.0,
242059,2022-09-13,Suffolk,Chelsea,Multi,1046.0,639.0,607.0,401.0,73.0,
242060,2022-09-13,Suffolk,Chelsea,NH/PI,12.0,,,,,
242061,2022-09-13,Suffolk,Chelsea,White,8517.0,7717.0,6839.0,4309.0,1233.0,
242062,2022-09-13,Suffolk,Chelsea,Other/Unknown,,,,,,
242063,2022-09-13,Suffolk,Chelsea,Total,40787.0,43847.0,35275.0,15493.0,2628.0,
245088,2022-09-20,Suffolk,Chelsea,AI/AN,75.0,40.0,32.0,15.0,4.0,
245089,2022-09-20,Suffolk,Chelsea,Asian,1351.0,1356.0,1128.0,666.0,95.0,
245090,2022-09-20,Suffolk,Chelsea,Black,3014.0,2275.0,1918.0,947.0,140.0,
245091,2022-09-20,Suffolk,Chelsea,Hispanic,26773.0,23181.0,19416.0,8486.0,1036.0,
245092,2022-09-20,Suffolk,Chelsea,Multi,1046.0,645.0,613.0,407.0,76.0,
245093,2022-09-20,Suffolk,Chelsea,NH/PI,12.0,,,,,
245094,2022-09-20,Suffolk,Chelsea,White,8517.0,7733.0,6856.0,4327.0,1271.0,
245095,2022-09-20,Suffolk,Chelsea,Other/Unknown,,,,,,
245096,2022-09-20,Suffolk,Chelsea,Total,40787.0,43705.0,35339.0,15646.0,2709.0,
248121,2022-09-27,Suffolk,Chelsea,AI/AN,75.0,42.0,34.0,16.0,5.0,
248122,2022-09-27,Suffolk,Chelsea,Asian,1351.0,1355.0,1128.0,666.0,103.0,
248123,2022-09-27,Suffolk,Chelsea,Black,3014.0,2278.0,1923.0,953.0,148.0,
248124,2022-09-27,Suffolk,Chelsea,Hispanic,26773.0,23191.0,19444.0,8563.0,1123.0,
248125,2022-09-27,Suffolk,Chelsea,Multi,1046.0,649.0,616.0,410.0,82.0,
248126,2022-09-27,Suffolk,Chelsea,NH/PI,12.0,,,,,
248127,2022-09-27,Suffolk,Chelsea,White,8517.0,7736.0,6859.0,4344.0,1328.0,
248128,2022-09-27,Suffolk,Chelsea,Other/Unknown,,,,,,
248129,2022-09-27,Suffolk,Chelsea,Total,40787.0,43776.0,35377.0,15758.0,2888.0,
251154,2022-10-04,Suffolk,Chelsea,AI/AN,75.0,43.0,34.0,16.0,5.0,
251155,2022-10-04,Suffolk,Chelsea,Asian,1351.0,1359.0,1129.0,671.0,109.0,
251156,2022-10-04,Suffolk,Chelsea,Black,3014.0,2283.0,1925.0,956.0,156.0,
251157,2022-10-04,Suffolk,Chelsea,Hispanic,26773.0,23222.0,19484.0,8628.0,1258.0,
251158,2022-10-04,Suffolk,Chelsea,Multi,1046.0,652.0,620.0,414.0,94.0,
251159,2022-10-04,Suffolk,Chelsea,NH/PI,12.0,,,,,
251160,2022-10-04,Suffolk,Chelsea,White,8517.0,7763.0,6891.0,4378.0,1417.0,
251161,2022-10-04,Suffolk,Chelsea,Other/Unknown,,,,,,
251162,2022-10-04,Suffolk,Chelsea,Total,40787.0,39586.0,32780.0,15871.0,3146.0,
